Id,Category
0, 0
1, 10
2, 0
3, 0
4, 5
5, 0
6, 0
7, 10
8, 0
9, 0
10, 9
11, 0
12, 0
13, 10
14, 0
15, 0
16, 0
17, 1
18, 0
19, 9
20, 3
21, 5
22, 1
23, 3
24, 1
25, 3
26, 5
27, 4
28, 0
29, 0
30, 5
31, 0
32, 0
33, 1
34, 0
35, 9
36, 0
37, 0
38, 10
39, 2
40, 0
41, 0
42, 0
43, 3
44, 0
45, 1
46, 0
47, 3
48, 8
49, 0
50, 0
51, 1
52, 0
53, 5
54, 0
55, 0
56, 0
57, 0
58, 9
59, 9
60, 0
61, 4
62, 2
63, 3
64, 0
65, 1
66, 1
67, 0
68, 0
69, 0
70, 0
71, 0
72, 0
73, 0
74, 9
75, 0
76, 4
77, 0
78, 0
79, 0
80, 0
81, 0
82, 0
83, 0
84, 8
85, 4
86, 0
87, 0
88, 0
89, 0
90, 5
91, 5
92, 0
93, 0
94, 0
95, 6
96, 0
97, 0
98, 6
99, 0
100, 0
101, 0
102, 0
103, 0
104, 4
105, 9
106, 6
107, 5
108, 0
109, 10
110, 5
111, 5
112, 4
113, 0
114, 0
115, 0
116, 9
117, 0
118, 0
119, 3
120, 0
121, 4
122, 0
123, 0
124, 0
125, 2
126, 5
127, 8
128, 10
129, 9
130, 0
131, 0
132, 0
133, 0
134, 2
135, 3
136, 0
137, 10
138, 0
139, 0
140, 0
141, 0
142, 2
143, 0
144, 1
145, 0
146, 0
147, 9
148, 0
149, 0
150, 0
151, 0
152, 0
153, 0
154, 10
155, 0
156, 1
157, 0
158, 0
159, 2
160, 0
161, 4
162, 5
163, 0
164, 0
165, 0
166, 0
167, 0
168, 3
169, 0
170, 8
171, 2
172, 0
173, 0
174, 9
175, 0
176, 0
177, 0
178, 8
179, 0
180, 0
181, 8
182, 0
183, 4
184, 10
185, 0
186, 8
187, 0
188, 0
189, 0
190, 1
191, 0
192, 2
193, 4
194, 0
195, 5
196, 8
197, 9
198, 2
199, 0
200, 9
201, 0
202, 8
203, 7
204, 0
205, 0
206, 0
207, 0
208, 10
209, 4
210, 0
211, 0
212, 0
213, 0
214, 0
215, 2
216, 0
217, 1
218, 0
219, 0
220, 5
221, 0
222, 2
223, 7
224, 0
225, 5
226, 0
227, 0
228, 6
229, 0
230, 0
231, 0
232, 6
233, 0
234, 1
235, 0
236, 9
237, 10
238, 0
239, 7
240, 5
241, 3
242, 0
243, 4
244, 0
245, 0
246, 0
247, 9
248, 0
249, 5
250, 0
251, 3
252, 5
253, 0
254, 5
255, 0
256, 0
257, 0
258, 4
259, 0
260, 8
261, 8
262, 0
263, 0
264, 0
265, 0
266, 1
267, 0
268, 0
269, 9
270, 4
271, 0
272, 10
273, 0
274, 5
275, 1
276, 0
277, 9
278, 0
279, 0
280, 0
281, 9
282, 0
283, 0
284, 10
285, 0
286, 0
287, 4
288, 3
289, 0
290, 0
291, 0
292, 2
293, 10
294, 8
295, 0
296, 0
297, 0
298, 0
299, 5
300, 2
301, 0
302, 8
303, 1
304, 0
305, 10
306, 0
307, 3
308, 0
309, 3
310, 9
311, 0
312, 1
313, 8
314, 0
315, 0
316, 0
317, 0
318, 0
319, 0
320, 1
321, 0
322, 5
323, 0
324, 0
325, 3
326, 0
327, 0
328, 0
329, 0
330, 8
331, 0
332, 6
333, 0
334, 0
335, 0
336, 0
337, 0
338, 5
339, 10
340, 9
341, 6
342, 5
343, 0
344, 0
345, 5
346, 0
347, 6
348, 4
349, 0
350, 0
351, 0
352, 6
353, 0
354, 6
355, 0
356, 0
357, 0
358, 8
359, 0
360, 0
361, 0
362, 10
363, 2
364, 0
365, 0
366, 4
367, 4
368, 0
369, 3
370, 9
371, 0
372, 2
373, 4
374, 0
375, 0
376, 0
377, 0
378, 0
379, 0
380, 10
381, 0
382, 3
383, 9
384, 0
385, 0
386, 0
387, 0
388, 10
389, 0
390, 0
391, 0
392, 10
393, 0
394, 9
395, 9
396, 0
397, 8
398, 2
399, 0
400, 9
401, 0
402, 0
403, 0
404, 0
405, 3
406, 0
407, 0
408, 0
409, 0
410, 0
411, 7
412, 0
413, 9
414, 0
415, 0
416, 2
417, 4
418, 1
419, 0
420, 0
421, 0
422, 0
423, 2
424, 0
425, 8
426, 9
427, 0
428, 0
429, 0
430, 0
431, 2
432, 0
433, 8
434, 0
435, 0
436, 0
437, 10
438, 0
439, 0
440, 0
441, 0
442, 0
443, 0
444, 0
445, 3
446, 0
447, 10
448, 3
449, 0
450, 0
451, 0
452, 0
453, 9
454, 6
455, 6
456, 0
457, 0
458, 0
459, 10
460, 10
461, 9
462, 10
463, 0
464, 2
465, 0
466, 7
467, 1
468, 0
469, 0
470, 0
471, 0
472, 8
473, 0
474, 0
475, 8
476, 6
477, 0
478, 0
479, 0
480, 0
481, 0
482, 3
483, 1
484, 0
485, 4
486, 0
487, 9
488, 0
489, 9
490, 0
491, 0
492, 7
493, 0
494, 0
495, 2
496, 0
497, 0
498, 0
499, 10
500, 0
501, 1
502, 5
503, 0
504, 0
505, 0
506, 0
507, 0
508, 0
509, 0
510, 2
511, 6
512, 0
513, 0
514, 9
515, 2
516, 0
517, 0
518, 5
519, 0
520, 0
521, 3
522, 7
523, 9
524, 0
525, 2
526, 0
527, 0
528, 6
529, 0
530, 0
531, 0
532, 4
533, 0
534, 0
535, 10
536, 0
537, 0
538, 8
539, 0
540, 2
541, 0
542, 8
543, 0
544, 0
545, 0
546, 0
547, 5
548, 3
549, 8
550, 9
551, 0
552, 0
553, 2
554, 0
555, 0
556, 0
557, 5
558, 0
559, 0
560, 0
561, 8
562, 5
563, 8
564, 2
565, 4
566, 0
567, 0
568, 8
569, 0
570, 0
571, 0
572, 6
573, 0
574, 0
575, 0
576, 0
577, 0
578, 0
579, 1
580, 0
581, 0
582, 0
583, 9
584, 0
585, 0
586, 2
587, 0
588, 7
589, 0
590, 0
591, 4
592, 0
593, 5
594, 0
595, 0
596, 0
597, 0
598, 0
599, 0
600, 0
601, 0
602, 0
603, 9
604, 0
605, 0
606, 0
607, 4
608, 5
609, 0
610, 4
611, 3
612, 0
613, 0
614, 0
615, 10
616, 0
617, 9
618, 0
619, 0
620, 7
621, 0
622, 4
623, 5
624, 9
625, 0
626, 0
627, 0
628, 2
629, 6
630, 3
631, 0
632, 2
633, 0
634, 2
635, 0
636, 0
637, 0
638, 0
639, 3
640, 0
641, 0
642, 0
643, 10
644, 0
645, 0
646, 0
647, 0
648, 0
649, 0
650, 0
651, 0
652, 8
653, 5
654, 0
655, 0
656, 5
657, 5
658, 2
659, 0
660, 0
661, 0
662, 0
663, 0
664, 0
665, 0
666, 6
667, 2
668, 0
669, 0
670, 0
671, 0
672, 2
673, 0
674, 5
675, 0
676, 3
677, 0
678, 0
679, 0
680, 2
681, 3
682, 0
683, 4
684, 8
685, 0
686, 2
687, 0
688, 0
689, 6
690, 2
691, 0
692, 2
693, 5
694, 0
695, 8
696, 0
697, 0
698, 0
699, 0
700, 0
701, 0
702, 0
703, 0
704, 0
705, 10
706, 0
707, 0
708, 0
709, 0
710, 0
711, 8
712, 6
713, 0
714, 2
715, 0
716, 4
717, 0
718, 0
719, 0
720, 0
721, 6
722, 4
723, 10
724, 9
725, 4
726, 0
727, 3
728, 1
729, 0
730, 0
731, 3
732, 2
733, 0
734, 0
735, 0
736, 3
737, 0
738, 0
739, 7
740, 0
741, 0
742, 0
743, 0
744, 7
745, 0
746, 0
747, 0
748, 6
749, 8
750, 0
751, 2
752, 0
753, 0
754, 0
755, 2
756, 0
757, 0
758, 0
759, 10
760, 2
761, 0
762, 0
763, 7
764, 1
765, 0
766, 0
767, 0
768, 0
769, 0
770, 0
771, 4
772, 0
773, 0
774, 5
775, 0
776, 0
777, 5
778, 0
779, 0
780, 0
781, 0
782, 0
783, 4
784, 0
785, 8
786, 0
787, 0
788, 0
789, 10
790, 0
791, 0
792, 9
793, 9
794, 7
795, 0
796, 0
797, 0
798, 0
799, 2
800, 0
801, 3
802, 0
803, 8
804, 0
805, 3
806, 10
807, 8
808, 10
809, 4
810, 0
811, 0
812, 0
813, 0
814, 4
815, 4
816, 0
817, 0
818, 0
819, 2
820, 0
821, 8
822, 0
823, 10
824, 2
825, 3
826, 0
827, 0
828, 9
829, 8
830, 0
831, 0
832, 8
833, 0
834, 2
835, 0
836, 0
837, 0
838, 0
839, 3
840, 0
841, 10
842, 0
843, 0
844, 8
845, 0
846, 0
847, 0
848, 0
849, 9
850, 0
851, 0
852, 9
853, 3
854, 0
855, 10
856, 10
857, 0
858, 0
859, 0
860, 1
861, 0
862, 2
863, 0
864, 3
865, 0
866, 2
867, 10
868, 8
869, 2
870, 2
871, 9
872, 5
873, 0
874, 9
875, 0
876, 8
877, 0
878, 5
879, 10
880, 5
881, 0
882, 9
883, 0
884, 0
885, 0
886, 0
887, 0
888, 5
889, 0
890, 6
891, 8
892, 5
893, 3
894, 0
895, 2
896, 3
897, 0
898, 4
899, 0
900, 6
901, 10
902, 8
903, 9
904, 5
905, 1
906, 0
907, 0
908, 9
909, 0
910, 10
911, 8
912, 0
913, 0
914, 0
915, 3
916, 0
917, 0
918, 0
919, 0
920, 0
921, 0
922, 1
923, 9
924, 0
925, 2
926, 0
927, 1
928, 4
929, 0
930, 9
931, 1
932, 9
933, 0
934, 0
935, 0
936, 1
937, 0
938, 0
939, 5
940, 0
941, 4
942, 0
943, 10
944, 0
945, 0
946, 0
947, 0
948, 0
949, 8
950, 0
951, 0
952, 0
953, 0
954, 1
955, 0
956, 6
957, 0
958, 2
959, 0
960, 2
961, 1
962, 0
963, 0
964, 0
965, 0
966, 0
967, 0
968, 0
969, 0
970, 0
971, 0
972, 8
973, 0
974, 1
975, 0
976, 2
977, 0
978, 9
979, 0
980, 0
981, 6
982, 4
983, 9
984, 0
985, 1
986, 5
987, 2
988, 0
989, 0
990, 0
991, 0
992, 8
993, 6
994, 0
995, 0
996, 3
997, 2
998, 0
999, 0
1000, 0
1001, 2
1002, 10
1003, 8
1004, 3
1005, 0
1006, 0
1007, 0
1008, 0
1009, 5
1010, 0
1011, 9
1012, 6
1013, 8
1014, 3
1015, 0
1016, 4
1017, 0
1018, 0
1019, 0
1020, 0
1021, 0
1022, 5
1023, 8
1024, 9
1025, 0
1026, 10
1027, 0
1028, 0
1029, 0
1030, 10
1031, 0
1032, 7
1033, 0
1034, 9
1035, 10
1036, 0
1037, 0
1038, 5
1039, 8
1040, 9
1041, 8
1042, 9
1043, 0
1044, 0
1045, 9
1046, 0
1047, 5
1048, 0
1049, 0
1050, 0
1051, 0
1052, 0
1053, 0
1054, 0
1055, 5
1056, 0
1057, 5
1058, 0
1059, 9
1060, 0
1061, 10
1062, 5
1063, 0
1064, 0
1065, 0
1066, 1
1067, 0
1068, 0
1069, 9
1070, 0
1071, 6
1072, 0
1073, 9
1074, 2
1075, 0
1076, 0
1077, 0
1078, 2
1079, 10
1080, 0
1081, 5
1082, 6
1083, 0
1084, 0
1085, 3
1086, 0
1087, 0
1088, 0
1089, 0
1090, 1
1091, 5
1092, 1
1093, 5
1094, 0
1095, 0
1096, 10
1097, 0
1098, 0
1099, 6
1100, 0
1101, 1
1102, 0
1103, 0
1104, 6
1105, 2
1106, 0
1107, 10
1108, 8
1109, 0
1110, 0
1111, 0
1112, 2
1113, 0
1114, 0
1115, 3
1116, 0
1117, 5
1118, 0
1119, 9
1120, 6
1121, 0
1122, 7
1123, 0
1124, 0
1125, 0
1126, 6
1127, 3
1128, 0
1129, 0
1130, 0
1131, 0
1132, 0
1133, 3
1134, 0
1135, 0
1136, 10
1137, 0
1138, 0
1139, 0
1140, 0
1141, 0
1142, 0
1143, 2
1144, 0
1145, 0
1146, 0
1147, 10
1148, 3
1149, 0
1150, 0
1151, 0
1152, 3
1153, 0
1154, 0
1155, 9
1156, 5
1157, 0
1158, 0
1159, 3
1160, 0
1161, 8
1162, 9
1163, 0
1164, 9
1165, 0
1166, 0
1167, 0
1168, 0
1169, 0
1170, 4
1171, 9
1172, 7
1173, 2
1174, 0
1175, 0
1176, 10
1177, 1
1178, 1
1179, 4
1180, 1
1181, 6
1182, 0
1183, 0
1184, 0
1185, 2
1186, 0
1187, 4
1188, 0
1189, 9
1190, 7
1191, 2
1192, 8
1193, 5
1194, 0
1195, 3
1196, 9
1197, 5
1198, 4
1199, 0
1200, 2
1201, 0
1202, 0
1203, 3
1204, 0
1205, 0
1206, 0
1207, 9
1208, 0
1209, 3
1210, 0
1211, 8
1212, 0
1213, 10
1214, 0
1215, 0
1216, 0
1217, 10
1218, 0
1219, 9
1220, 0
1221, 0
1222, 0
1223, 0
1224, 0
1225, 0
1226, 0
1227, 6
1228, 0
1229, 0
1230, 0
1231, 0
1232, 10
1233, 0
1234, 4
1235, 0
1236, 4
1237, 0
1238, 0
1239, 0
1240, 0
1241, 0
1242, 5
1243, 9
1244, 0
1245, 8
1246, 4
1247, 5
1248, 0
1249, 0
1250, 8
1251, 0
1252, 10
1253, 0
1254, 5
1255, 8
1256, 4
1257, 0
1258, 0
1259, 0
1260, 0
1261, 0
1262, 0
1263, 0
1264, 0
1265, 9
1266, 5
1267, 10
1268, 2
1269, 8
1270, 2
1271, 2
1272, 2
1273, 0
1274, 1
1275, 0
1276, 4
1277, 0
1278, 10
1279, 0
1280, 0
1281, 2
1282, 0
1283, 5
1284, 1
1285, 0
1286, 0
1287, 0
1288, 10
1289, 4
1290, 0
1291, 8
1292, 0
1293, 0
1294, 4
1295, 5
1296, 0
1297, 0
1298, 0
1299, 0
1300, 0
1301, 0
1302, 0
1303, 1
1304, 0
1305, 1
1306, 2
1307, 9
1308, 1
1309, 0
1310, 0
1311, 3
1312, 0
1313, 0
1314, 4
1315, 3
1316, 0
1317, 0
1318, 0
1319, 10
1320, 0
1321, 0
1322, 0
1323, 0
1324, 0
1325, 0
1326, 0
1327, 4
1328, 0
1329, 4
1330, 10
1331, 0
1332, 0
1333, 0
1334, 0
1335, 4
1336, 8
1337, 0
1338, 0
1339, 2
1340, 2
1341, 1
1342, 4
1343, 8
1344, 0
1345, 7
1346, 3
1347, 0
1348, 0
1349, 0
1350, 0
1351, 5
1352, 1
1353, 0
1354, 0
1355, 3
1356, 5
1357, 6
1358, 1
1359, 0
1360, 6
1361, 0
1362, 5
1363, 0
1364, 10
1365, 0
1366, 0
1367, 0
1368, 0
1369, 0
1370, 8
1371, 0
1372, 0
1373, 0
1374, 0
1375, 0
1376, 4
1377, 0
1378, 4
1379, 8
1380, 0
1381, 3
1382, 0
1383, 3
1384, 5
1385, 4
1386, 0
1387, 8
1388, 0
1389, 0
1390, 0
1391, 5
1392, 2
1393, 5
1394, 2
1395, 2
1396, 10
1397, 0
1398, 8
1399, 9
1400, 0
1401, 9
1402, 0
1403, 8
1404, 0
1405, 4
1406, 0
1407, 0
1408, 0
1409, 2
1410, 0
1411, 0
1412, 6
1413, 8
1414, 0
1415, 0
1416, 8
1417, 0
1418, 0
1419, 0
1420, 0
1421, 0
1422, 3
1423, 2
1424, 10
1425, 2
1426, 0
1427, 0
1428, 0
1429, 0
1430, 0
1431, 0
1432, 8
1433, 0
1434, 8
1435, 0
1436, 0
1437, 0
1438, 5
1439, 0
1440, 0
1441, 1
1442, 0
1443, 8
1444, 0
1445, 2
1446, 1
1447, 10
1448, 4
1449, 0
1450, 0
1451, 0
1452, 0
1453, 0
1454, 2
1455, 0
1456, 0
1457, 0
1458, 0
1459, 0
1460, 0
1461, 8
1462, 2
1463, 2
1464, 0
1465, 0
1466, 0
1467, 0
1468, 1
1469, 0
1470, 0
1471, 0
1472, 5
1473, 0
1474, 0
1475, 0
1476, 9
1477, 4
1478, 8
1479, 6
1480, 0
1481, 0
1482, 0
1483, 0
1484, 0
1485, 2
1486, 0
1487, 3
1488, 8
1489, 0
1490, 0
1491, 0
1492, 0
1493, 0
1494, 0
1495, 0
1496, 9
1497, 0
1498, 4
1499, 0
1500, 0
1501, 0
1502, 8
1503, 0
1504, 0
1505, 0
1506, 9
1507, 7
1508, 8
1509, 0
1510, 0
1511, 0
1512, 0
1513, 0
1514, 5
1515, 0
1516, 10
1517, 0
1518, 0
1519, 2
1520, 0
1521, 2
1522, 4
1523, 0
1524, 0
1525, 0
1526, 0
1527, 0
1528, 8
1529, 0
1530, 10
1531, 0
1532, 0
1533, 0
1534, 0
1535, 0
1536, 0
1537, 2
1538, 0
1539, 0
1540, 0
1541, 0
1542, 0
1543, 6
1544, 0
1545, 6
1546, 9
1547, 0
1548, 8
1549, 4
1550, 0
1551, 8
1552, 8
1553, 1
1554, 5
1555, 0
1556, 0
1557, 0
1558, 0
1559, 0
1560, 0
1561, 8
1562, 3
1563, 0
1564, 7
1565, 0
1566, 0
1567, 1
1568, 2
1569, 0
1570, 0
1571, 0
1572, 10
1573, 0
1574, 0
1575, 0
1576, 0
1577, 9
1578, 1
1579, 7
1580, 0
1581, 6
1582, 1
1583, 0
1584, 8
1585, 3
1586, 0
1587, 0
1588, 0
1589, 0
1590, 2
1591, 10
1592, 9
1593, 10
1594, 0
1595, 0
1596, 0
1597, 7
1598, 0
1599, 0
1600, 0
1601, 4
1602, 0
1603, 0
1604, 8
1605, 8
1606, 0
1607, 0
1608, 3
1609, 9
1610, 0
1611, 0
1612, 0
1613, 9
1614, 0
1615, 2
1616, 3
1617, 0
1618, 0
1619, 0
1620, 0
1621, 0
1622, 2
1623, 0
1624, 0
1625, 8
1626, 0
1627, 0
1628, 0
1629, 1
1630, 0
1631, 8
1632, 5
1633, 0
1634, 0
1635, 3
1636, 3
1637, 1
1638, 0
1639, 0
1640, 9
1641, 0
1642, 0
1643, 0
1644, 9
1645, 0
1646, 0
1647, 0
1648, 9
1649, 0
1650, 0
1651, 8
1652, 8
1653, 0
1654, 0
1655, 3
1656, 1
1657, 0
1658, 5
1659, 0
1660, 0
1661, 0
1662, 1
1663, 0
1664, 0
1665, 8
1666, 0
1667, 0
1668, 1
1669, 4
1670, 0
1671, 9
1672, 7
1673, 0
1674, 0
1675, 0
1676, 0
1677, 0
1678, 0
1679, 0
1680, 0
1681, 0
1682, 4
1683, 0
1684, 0
1685, 5
1686, 8
1687, 3
1688, 8
1689, 0
1690, 1
1691, 0
1692, 0
1693, 0
1694, 0
1695, 0
1696, 8
1697, 0
1698, 0
1699, 5
1700, 0
1701, 0
1702, 5
1703, 0
1704, 0
1705, 8
1706, 0
1707, 10
1708, 0
1709, 6
1710, 3
1711, 0
1712, 0
1713, 10
1714, 0
1715, 0
1716, 0
1717, 0
1718, 0
1719, 0
1720, 0
1721, 0
1722, 4
1723, 0
1724, 0
1725, 0
1726, 0
1727, 0
1728, 1
1729, 3
1730, 0
1731, 0
1732, 0
1733, 2
1734, 0
1735, 0
1736, 0
1737, 6
1738, 0
1739, 8
1740, 0
1741, 3
1742, 0
1743, 0
1744, 3
1745, 0
1746, 0
1747, 4
1748, 9
1749, 0
1750, 0
1751, 0
1752, 0
1753, 0
1754, 0
1755, 5
1756, 3
1757, 0
1758, 0
1759, 0
1760, 3
1761, 4
1762, 9
1763, 6
1764, 0
1765, 9
1766, 3
1767, 0
1768, 0
1769, 8
1770, 0
1771, 8
1772, 10
1773, 5
1774, 0
1775, 0
1776, 10
1777, 9
1778, 0
1779, 8
1780, 0
1781, 0
1782, 2
1783, 9
1784, 0
1785, 0
1786, 4
1787, 0
1788, 0
1789, 9
1790, 8
1791, 0
1792, 2
1793, 0
1794, 0
1795, 0
1796, 5
1797, 2
1798, 0
1799, 0
1800, 2
1801, 0
1802, 0
1803, 8
1804, 0
1805, 0
1806, 0
1807, 0
1808, 0
1809, 4
1810, 0
1811, 0
1812, 4
1813, 9
1814, 10
1815, 0
1816, 0
1817, 4
1818, 0
1819, 1
1820, 9
1821, 10
1822, 9
1823, 0
1824, 9
1825, 2
1826, 0
1827, 0
1828, 9
1829, 0
1830, 0
1831, 2
1832, 0
1833, 0
1834, 6
1835, 1
1836, 0
1837, 0
1838, 6
1839, 1
1840, 0
1841, 8
1842, 0
1843, 0
1844, 5
1845, 0
1846, 0
1847, 0
1848, 3
1849, 8
1850, 2
1851, 5
1852, 0
1853, 0
1854, 0
1855, 1
1856, 6
1857, 0
1858, 2
1859, 6
1860, 0
1861, 0
1862, 0
1863, 0
1864, 8
1865, 0
1866, 2
1867, 9
1868, 1
1869, 0
1870, 1
1871, 0
1872, 0
1873, 0
1874, 0
1875, 0
1876, 0
1877, 0
1878, 0
1879, 6
1880, 3
1881, 0
1882, 2
1883, 3
1884, 0
1885, 0
1886, 9
1887, 8
1888, 5
1889, 0
1890, 4
1891, 0
1892, 0
1893, 0
1894, 0
1895, 8
1896, 3
1897, 5
1898, 0
1899, 0
1900, 0
1901, 3
1902, 0
1903, 0
1904, 8
1905, 2
1906, 4
1907, 5
1908, 1
1909, 0
1910, 10
1911, 0
1912, 3
1913, 0
1914, 0
1915, 0
1916, 0
1917, 2
1918, 0
1919, 5
1920, 8
1921, 0
1922, 10
1923, 3
1924, 0
1925, 5
1926, 0
1927, 0
1928, 0
1929, 0
1930, 5
1931, 10
1932, 0
1933, 2
1934, 5
1935, 8
1936, 10
1937, 0
1938, 0
1939, 0
1940, 9
1941, 0
1942, 9
1943, 0
1944, 0
1945, 0
1946, 8
1947, 8
1948, 0
1949, 0
1950, 0
1951, 0
1952, 0
1953, 6
1954, 10
1955, 0
1956, 0
1957, 3
1958, 0
1959, 0
1960, 0
1961, 0
1962, 0
1963, 0
1964, 0
1965, 10
1966, 5
1967, 8
1968, 0
1969, 0
1970, 0
1971, 5
1972, 3
1973, 0
1974, 0
1975, 1
1976, 0
1977, 10
1978, 9
1979, 0
1980, 0
1981, 7
1982, 0
1983, 4
1984, 7
1985, 0
1986, 0
1987, 0
1988, 0
1989, 0
1990, 0
1991, 0
1992, 0
1993, 9
1994, 0
1995, 8
1996, 0
1997, 4
1998, 0
1999, 0
2000, 0
2001, 0
2002, 9
2003, 4
2004, 4
2005, 0
2006, 0
2007, 0
2008, 0
2009, 0
2010, 9
2011, 1
2012, 7
2013, 2
2014, 0
2015, 2
2016, 0
2017, 0
2018, 0
2019, 0
2020, 9
2021, 0
2022, 0
2023, 0
2024, 0
2025, 2
2026, 4
2027, 0
2028, 0
2029, 0
2030, 9
2031, 8
2032, 0
2033, 0
2034, 0
2035, 0
2036, 5
2037, 6
2038, 0
2039, 0
2040, 0
2041, 0
2042, 0
2043, 7
2044, 0
2045, 0
2046, 0
2047, 0
2048, 0
2049, 9
2050, 2
2051, 0
2052, 0
2053, 2
2054, 0
2055, 0
2056, 0
2057, 0
2058, 0
2059, 0
2060, 0
2061, 0
2062, 0
2063, 4
2064, 0
2065, 0
2066, 0
2067, 0
2068, 0
2069, 0
2070, 0
2071, 2
2072, 0
2073, 0
2074, 0
2075, 0
2076, 8
2077, 6
2078, 0
2079, 8
2080, 1
2081, 0
2082, 0
2083, 0
2084, 0
2085, 0
2086, 0
2087, 0
2088, 7
2089, 0
2090, 0
2091, 0
2092, 3
2093, 0
2094, 5
2095, 0
2096, 0
2097, 0
2098, 3
2099, 0
2100, 0
2101, 0
2102, 0
2103, 0
2104, 2
2105, 8
2106, 0
2107, 0
2108, 0
2109, 5
2110, 0
2111, 0
2112, 0
2113, 0
2114, 0
2115, 8
2116, 0
2117, 0
2118, 10
2119, 8
2120, 9
2121, 0
2122, 0
2123, 0
2124, 0
2125, 0
2126, 5
2127, 0
2128, 10
2129, 0
2130, 6
2131, 0
2132, 9
2133, 10
2134, 0
2135, 0
2136, 8
2137, 6
2138, 9
2139, 0
2140, 0
2141, 2
2142, 4
2143, 3
2144, 9
2145, 0
2146, 0
2147, 0
2148, 0
2149, 8
2150, 0
2151, 0
2152, 0
2153, 6
2154, 0
2155, 3
2156, 10
2157, 0
2158, 5
2159, 5
2160, 3
2161, 0
2162, 0
2163, 0
2164, 10
2165, 0
2166, 0
2167, 0
2168, 0
2169, 0
2170, 1
2171, 0
2172, 0
2173, 4
2174, 0
2175, 0
2176, 5
2177, 0
2178, 0
2179, 0
2180, 1
2181, 0
2182, 0
2183, 6
2184, 0
2185, 9
2186, 7
2187, 3
2188, 4
2189, 4
2190, 10
2191, 0
2192, 5
2193, 2
2194, 1
2195, 0
2196, 0
2197, 0
2198, 0
2199, 0
2200, 0
2201, 0
2202, 4
2203, 5
2204, 0
2205, 0
2206, 0
2207, 0
2208, 0
2209, 0
2210, 0
2211, 0
2212, 0
2213, 4
2214, 0
2215, 5
2216, 4
2217, 5
2218, 0
2219, 0
2220, 5
2221, 0
2222, 0
2223, 0
2224, 0
2225, 1
2226, 2
2227, 9
2228, 0
2229, 0
2230, 0
2231, 0
2232, 3
2233, 8
2234, 6
2235, 6
2236, 10
2237, 9
2238, 9
2239, 10
2240, 0
2241, 2
2242, 0
2243, 0
2244, 0
2245, 9
2246, 0
2247, 0
2248, 2
2249, 1
2250, 1
2251, 2
2252, 0
2253, 0
2254, 0
2255, 0
2256, 1
2257, 4
2258, 0
2259, 9
2260, 0
2261, 4
2262, 0
2263, 0
2264, 0
2265, 4
2266, 0
2267, 0
2268, 0
2269, 0
2270, 8
2271, 0
2272, 0
2273, 0
2274, 0
2275, 0
2276, 0
2277, 0
2278, 0
2279, 0
2280, 0
2281, 0
2282, 0
2283, 3
2284, 9
2285, 0
2286, 0
2287, 0
2288, 0
2289, 8
2290, 0
2291, 1
2292, 10
2293, 9
2294, 0
2295, 10
2296, 6
2297, 0
2298, 0
2299, 0
2300, 0
2301, 9
2302, 8
2303, 0
2304, 0
2305, 1
2306, 0
2307, 0
2308, 0
2309, 1
2310, 0
2311, 9
2312, 0
2313, 0
2314, 1
2315, 2
2316, 2
2317, 0
2318, 9
2319, 0
2320, 0
2321, 9
2322, 5
2323, 0
2324, 9
2325, 2
2326, 1
2327, 0
2328, 0
2329, 6
2330, 4
2331, 0
2332, 0
2333, 0
2334, 0
2335, 0
2336, 0
2337, 9
2338, 0
2339, 0
2340, 5
2341, 0
2342, 0
2343, 0
2344, 5
2345, 0
2346, 0
2347, 8
2348, 5
2349, 3
2350, 8
2351, 0
2352, 6
2353, 0
2354, 0
2355, 0
2356, 4
2357, 7
2358, 2
2359, 0
2360, 8
2361, 7
2362, 1
2363, 0
2364, 3
2365, 6
2366, 0
2367, 0
2368, 0
2369, 3
2370, 2
2371, 0
2372, 4
2373, 8
2374, 5
2375, 0
2376, 0
2377, 0
2378, 3
2379, 0
2380, 0
2381, 0
2382, 0
2383, 4
2384, 0
2385, 4
2386, 3
2387, 9
2388, 3
2389, 0
2390, 3
2391, 10
2392, 4
2393, 3
2394, 0
2395, 0
2396, 9
2397, 0
2398, 0
2399, 9
2400, 1
2401, 2
2402, 0
2403, 0
2404, 0
2405, 0
2406, 3
2407, 4
2408, 6
2409, 3
2410, 0
2411, 2
2412, 0
2413, 0
2414, 0
2415, 0
2416, 5
2417, 0
2418, 0
2419, 0
2420, 0
2421, 0
2422, 0
2423, 0
2424, 9
2425, 0
2426, 10
2427, 0
2428, 0
2429, 0
2430, 0
2431, 4
2432, 8
2433, 0
2434, 0
2435, 0
2436, 0
2437, 0
2438, 0
2439, 0
2440, 0
2441, 0
2442, 0
2443, 0
2444, 0
2445, 9
2446, 0
2447, 8
2448, 0
2449, 0
2450, 0
2451, 8
2452, 0
2453, 7
2454, 0
2455, 0
2456, 8
2457, 0
2458, 0
2459, 1
2460, 0
2461, 0
2462, 0
2463, 9
2464, 9
2465, 0
2466, 0
2467, 8
2468, 1
2469, 1
2470, 0
2471, 0
2472, 8
2473, 8
2474, 0
2475, 0
2476, 0
2477, 0
2478, 0
2479, 8
2480, 0
2481, 0
2482, 0
2483, 2
2484, 0
2485, 7
2486, 2
2487, 3
2488, 1
2489, 6
2490, 4
2491, 0
2492, 0
2493, 5
2494, 0
2495, 5
2496, 0
2497, 0
2498, 0
2499, 2
2500, 0
2501, 8
2502, 0
2503, 5
2504, 0
2505, 0
2506, 3
2507, 0
2508, 0
2509, 0
2510, 0
2511, 0
2512, 3
2513, 9
2514, 0
2515, 4
2516, 0
2517, 5
2518, 0
2519, 0
2520, 0
2521, 8
2522, 0
2523, 0
2524, 9
2525, 0
2526, 9
2527, 0
2528, 0
2529, 8
2530, 0
2531, 0
2532, 0
2533, 5
2534, 0
2535, 0
2536, 0
2537, 8
2538, 0
2539, 5
2540, 3
2541, 0
2542, 9
2543, 2
2544, 0
2545, 9
2546, 4
2547, 0
2548, 0
2549, 10
2550, 0
2551, 0
2552, 8
2553, 0
2554, 5
2555, 8
2556, 0
2557, 0
2558, 10
2559, 0
2560, 2
2561, 0
2562, 0
2563, 0
2564, 0
2565, 8
2566, 2
2567, 5
2568, 0
2569, 2
2570, 0
2571, 0
2572, 0
2573, 5
2574, 0
2575, 0
2576, 0
2577, 0
2578, 10
2579, 0
2580, 0
2581, 0
2582, 0
2583, 0
2584, 7
2585, 0
2586, 0
2587, 0
2588, 0
2589, 4
2590, 0
2591, 0
2592, 1
2593, 0
2594, 3
2595, 10
2596, 0
2597, 0
2598, 3
2599, 0
2600, 10
2601, 0
2602, 0
2603, 4
2604, 1
2605, 9
2606, 0
2607, 0
2608, 0
2609, 0
2610, 0
2611, 0
2612, 0
2613, 0
2614, 0
2615, 0
2616, 0
2617, 2
2618, 0
2619, 8
2620, 3
2621, 6
2622, 0
2623, 0
2624, 0
2625, 0
2626, 0
2627, 0
2628, 0
2629, 2
2630, 0
2631, 2
2632, 0
2633, 5
2634, 5
2635, 7
2636, 0
2637, 0
2638, 2
2639, 0
2640, 0
2641, 5
2642, 8
2643, 0
2644, 0
2645, 0
2646, 8
2647, 0
2648, 9
2649, 3
2650, 0
2651, 0
2652, 0
2653, 0
2654, 10
2655, 0
2656, 2
2657, 8
2658, 3
2659, 0
2660, 3
2661, 7
2662, 6
2663, 0
2664, 0
2665, 8
2666, 8
2667, 0
2668, 0
2669, 0
2670, 0
2671, 0
2672, 6
2673, 0
2674, 0
2675, 5
2676, 9
2677, 0
2678, 0
2679, 0
2680, 4
2681, 0
2682, 10
2683, 8
2684, 0
2685, 7
2686, 0
2687, 0
2688, 5
2689, 0
2690, 0
2691, 0
2692, 0
2693, 0
2694, 3
2695, 0
2696, 0
2697, 0
2698, 4
2699, 10
2700, 6
2701, 2
2702, 10
2703, 0
2704, 10
2705, 0
2706, 0
2707, 9
2708, 0
2709, 0
2710, 0
2711, 0
2712, 0
2713, 0
2714, 8
2715, 0
2716, 2
2717, 0
2718, 3
2719, 0
2720, 0
2721, 0
2722, 8
2723, 7
2724, 0
2725, 9
2726, 9
2727, 0
2728, 0
2729, 8
2730, 3
2731, 0
2732, 0
2733, 0
2734, 0
2735, 0
2736, 0
2737, 10
2738, 0
2739, 0
2740, 0
2741, 2
2742, 0
2743, 5
2744, 0
2745, 1
2746, 0
2747, 2
2748, 0
2749, 4
2750, 0
2751, 0
2752, 0
2753, 0
2754, 5
2755, 0
2756, 5
2757, 5
2758, 0
2759, 0
2760, 9
2761, 0
2762, 0
2763, 0
2764, 0
2765, 5
2766, 0
2767, 4
2768, 10
2769, 0
2770, 0
2771, 0
2772, 4
2773, 8
2774, 3
2775, 4
2776, 5
2777, 0
2778, 0
2779, 0
2780, 0
2781, 3
2782, 9
2783, 0
2784, 4
2785, 0
2786, 1
2787, 9
2788, 7
2789, 0
2790, 8
2791, 0
2792, 0
2793, 8
2794, 0
2795, 0
2796, 5
2797, 0
2798, 8
2799, 0
2800, 0
2801, 0
2802, 2
2803, 2
2804, 0
2805, 10
2806, 10
2807, 0
2808, 0
2809, 9
2810, 0
2811, 2
2812, 0
2813, 9
2814, 0
2815, 0
2816, 0
2817, 3
2818, 0
2819, 2
2820, 0
2821, 5
2822, 9
2823, 5
2824, 0
2825, 0
2826, 2
2827, 4
2828, 0
2829, 5
2830, 0
2831, 9
2832, 0
2833, 5
2834, 0
2835, 0
2836, 2
2837, 4
2838, 5
2839, 5
2840, 0
2841, 0
2842, 0
2843, 0
2844, 0
2845, 8
2846, 0
2847, 0
2848, 0
2849, 0
2850, 1
2851, 0
2852, 1
2853, 0
2854, 7
2855, 8
2856, 0
2857, 8
2858, 0
2859, 0
2860, 0
2861, 0
2862, 9
2863, 4
2864, 0
2865, 5
2866, 0
2867, 0
2868, 6
2869, 0
2870, 0
2871, 8
2872, 0
2873, 0
2874, 0
2875, 3
2876, 8
2877, 9
2878, 0
2879, 0
2880, 1
2881, 9
2882, 6
2883, 8
2884, 0
2885, 0
2886, 3
2887, 0
2888, 0
2889, 10
2890, 0
2891, 0
2892, 9
2893, 8
2894, 0
2895, 0
2896, 0
2897, 0
2898, 9
2899, 0
2900, 0
2901, 0
2902, 8
2903, 0
2904, 0
2905, 0
2906, 4
2907, 0
2908, 0
2909, 0
2910, 0
2911, 0
2912, 4
2913, 5
2914, 0
2915, 0
2916, 0
2917, 2
2918, 8
2919, 0
2920, 0
2921, 0
2922, 0
2923, 9
2924, 3
2925, 2
2926, 0
2927, 0
2928, 9
2929, 0
2930, 0
2931, 0
2932, 5
2933, 0
2934, 0
2935, 9
2936, 0
2937, 0
2938, 0
2939, 8
2940, 0
2941, 0
2942, 0
2943, 1
2944, 0
2945, 0
2946, 0
2947, 0
2948, 0
2949, 2
2950, 0
2951, 1
2952, 0
2953, 0
2954, 0
2955, 0
2956, 8
2957, 0
2958, 9
2959, 1
2960, 4
2961, 0
2962, 0
2963, 9
2964, 0
2965, 0
2966, 0
2967, 4
2968, 0
2969, 0
2970, 10
2971, 0
2972, 9
2973, 4
2974, 5
2975, 0
2976, 0
2977, 4
2978, 10
2979, 5
2980, 0
2981, 1
2982, 0
2983, 0
2984, 6
2985, 0
2986, 1
2987, 0
2988, 7
2989, 0
2990, 0
2991, 5
2992, 0
2993, 7
2994, 9
2995, 0
2996, 1
2997, 0
2998, 0
2999, 0
3000, 2
3001, 0
3002, 1
3003, 2
3004, 0
3005, 4
3006, 0
3007, 0
3008, 0
3009, 10
3010, 9
3011, 0
3012, 0
3013, 0
3014, 5
3015, 1
3016, 3
3017, 0
3018, 0
3019, 0
3020, 6
3021, 0
3022, 5
3023, 0
3024, 0
3025, 0
3026, 7
3027, 0
3028, 0
3029, 3
3030, 2
3031, 0
3032, 0
3033, 8
3034, 2
3035, 4
3036, 1
3037, 0
3038, 0
3039, 0
3040, 1
3041, 0
3042, 0
3043, 0
3044, 0
3045, 0
3046, 0
3047, 0
3048, 9
3049, 0
3050, 0
3051, 0
3052, 0
3053, 10
3054, 0
3055, 9
3056, 0
3057, 0
3058, 0
3059, 0
3060, 8
3061, 0
3062, 10
3063, 0
3064, 0
3065, 0
3066, 0
3067, 4
3068, 0
3069, 0
3070, 0
3071, 0
3072, 0
3073, 5
3074, 0
3075, 0
3076, 8
3077, 0
3078, 0
3079, 5
3080, 0
3081, 10
3082, 9
3083, 9
3084, 0
3085, 0
3086, 5
3087, 0
3088, 0
3089, 0
3090, 9
3091, 4
3092, 9
3093, 0
3094, 0
3095, 4
3096, 9
3097, 0
3098, 0
3099, 0
3100, 9
3101, 0
3102, 0
3103, 4
3104, 1
3105, 0
3106, 1
3107, 0
3108, 0
3109, 2
3110, 0
3111, 0
3112, 0
3113, 0
3114, 0
3115, 0
3116, 1
3117, 9
3118, 6
3119, 0
3120, 5
3121, 0
3122, 0
3123, 0
3124, 8
3125, 3
3126, 9
3127, 5
3128, 9
3129, 5
3130, 7
3131, 0
3132, 4
3133, 0
3134, 5
3135, 0
3136, 4
3137, 9
3138, 2
3139, 0
3140, 0
3141, 6
3142, 0
3143, 0
3144, 10
3145, 8
3146, 1
3147, 10
3148, 0
3149, 0
3150, 5
3151, 0
3152, 0
3153, 8
3154, 9
3155, 0
3156, 0
3157, 0
3158, 0
3159, 0
3160, 8
3161, 1
3162, 0
3163, 10
3164, 0
3165, 0
3166, 9
3167, 0
3168, 0
3169, 0
3170, 0
3171, 0
3172, 0
3173, 0
3174, 1
3175, 0
3176, 10
3177, 0
3178, 0
3179, 0
3180, 0
3181, 2
3182, 0
3183, 8
3184, 1
3185, 8
3186, 0
3187, 0
3188, 5
3189, 0
3190, 0
3191, 3
3192, 0
3193, 4
3194, 0
3195, 0
3196, 0
3197, 8
3198, 2
3199, 3
3200, 10
3201, 3
3202, 0
3203, 0
3204, 7
3205, 0
3206, 0
3207, 6
3208, 0
3209, 5
3210, 0
3211, 0
3212, 0
3213, 1
3214, 0
3215, 0
3216, 0
3217, 2
3218, 0
3219, 0
3220, 9
3221, 0
3222, 4
3223, 9
3224, 0
3225, 0
3226, 0
3227, 0
3228, 4
3229, 0
3230, 0
3231, 0
3232, 8
3233, 5
3234, 1
3235, 0
3236, 0
3237, 0
3238, 0
3239, 5
3240, 9
3241, 10
3242, 7
3243, 8
3244, 3
3245, 6
3246, 0
3247, 3
3248, 0
3249, 0
3250, 10
3251, 5
3252, 1
3253, 0
3254, 0
3255, 0
3256, 0
3257, 0
3258, 5
3259, 0
3260, 9
3261, 5
3262, 3
3263, 0
3264, 0
3265, 0
3266, 0
3267, 8
3268, 0
3269, 3
3270, 5
3271, 4
3272, 0
3273, 10
3274, 4
3275, 8
3276, 0
3277, 0
3278, 0
3279, 0
3280, 6
3281, 10
3282, 0
3283, 2
3284, 9
3285, 0
3286, 6
3287, 0
3288, 4
3289, 0
3290, 7
3291, 0
3292, 8
3293, 0
3294, 8
3295, 9
3296, 0
3297, 0
3298, 0
3299, 7
3300, 0
3301, 0
3302, 2
3303, 0
3304, 0
3305, 0
3306, 3
3307, 1
3308, 2
3309, 0
3310, 1
3311, 0
3312, 0
3313, 1
3314, 8
3315, 0
3316, 0
3317, 0
3318, 0
3319, 1
3320, 1
3321, 0
3322, 8
3323, 5
3324, 0
3325, 2
3326, 5
3327, 0
3328, 0
3329, 4
3330, 0
3331, 0
3332, 9
3333, 8
3334, 4
3335, 0
3336, 0
3337, 10
3338, 0
3339, 5
3340, 7
3341, 0
3342, 0
3343, 8
3344, 8
3345, 0
3346, 0
